timestamp,open,high,low,close,volume
2025-08-08T19:43:00.000Z,116503,116508,116486.2,116486.21,1.19355
2025-08-08T19:44:00.000Z,116507,116507,116440,116440.01,8.7253
2025-08-08T19:45:00.000Z,116451,116515,116440,116500,6.28083
2025-08-08T19:46:00.000Z,116516,116548,116470.46,116470.47,9.6036
2025-08-08T19:47:00.000Z,116481,116481,116440.46,116440.47,1.64043
2025-08-08T19:48:00.000Z,116450,116450,116415,116422.24,2.08341
2025-08-08T19:49:00.000Z,116419,116465,116419,116431.57,3.08579
2025-08-08T19:50:00.000Z,116448,116448,116397.45,116429.37,5.42113
2025-08-08T19:51:00.000Z,116444,116481,116403.99,116466.19,5.20777
2025-08-08T19:52:00.000Z,116479,116479,116440,116440.01,4.16498
2025-08-08T19:53:00.000Z,116449,116449,116439.99,116440,2.03941
2025-08-08T19:54:00.000Z,116441,116491,116432.56,116468.13,9.38491
2025-08-08T19:55:00.000Z,116480,116480,116439.99,116439.99,5.50562
2025-08-08T19:56:00.000Z,116444,116444,116416.07,116416.08,2.17879
2025-08-08T19:57:00.000Z,116424,116450,116409.12,116434,3.87705
2025-08-08T19:58:00.000Z,116436,116436,116412.56,116412.56,3.87882
2025-08-08T19:59:00.000Z,116425,116526,116412.56,116453.41,14.33332
2025-08-08T20:00:00.000Z,116458,116477,116419.32,116448.11,10.05351
2025-08-08T20:01:00.000Z,116454,116454,116406,116406.01,3.63612
2025-08-08T20:02:00.000Z,116415,116415,116360,116398.13,7.54077
2025-08-08T20:03:00.000Z,116390,116398.14,116360,116360,2.45584
2025-08-08T20:04:00.000Z,116365,116365,116306,116349.11,3.85869
2025-08-08T20:05:00.000Z,116358,116386,116349.12,116378.75,2.52278
2025-08-08T20:06:00.000Z,116386,116421,116378.74,116414.69,2.12336
2025-08-08T20:07:00.000Z,116421,116485,116414.69,116460.65,2.07581
2025-08-08T20:08:00.000Z,116481,116491,116457,116460.64,4.45418
2025-08-08T20:09:00.000Z,116458,116460.65,116401,116405.99,5.21017
2025-08-08T20:10:00.000Z,116410,116465,116405.99,116439.98,1.23125
2025-08-08T20:11:00.000Z,116455,116471,116439.98,116448.67,1.13653
2025-08-08T20:12:00.000Z,116471,116494,116448.66,116458.1,3.37914
2025-08-08T20:13:00.000Z,116483,116493,116458.1,116465.64,1.93098
2025-08-08T20:14:00.000Z,116493,116502,116465.63,116473,0.91734
2025-08-08T20:15:00.000Z,116502,116516,116472.99,116498,2.81512
2025-08-08T20:16:00.000Z,116516,116517,116456.82,116456.83,6.42961
2025-08-08T20:17:00.000Z,116475,116475,116451.85,116468.83,2.88896
2025-08-08T20:18:00.000Z,116475,116475,116422.25,116422.26,4.31744
2025-08-08T20:19:00.000Z,116444,116444,116392.67,116408,5.44326
2025-08-08T20:20:00.000Z,116427,116449,116407.99,116425.37,1.76075
2025-08-08T20:21:00.000Z,116449,116477,116425.37,116458.98,2.40911
2025-08-08T20:22:00.000Z,116477,116490,116458.98,116478.18,0.6282
2025-08-08T20:23:00.000Z,116490,116490,116477,116478.18,2.55544
2025-08-08T20:24:00.000Z,116481,116497,116478.17,116478.19,0.70033
2025-08-08T20:25:00.000Z,116497,116512,116478.18,116482.41,0.89839
2025-08-08T20:26:00.000Z,116512,116521,116482.4,116502.48,2.06848
2025-08-08T20:27:00.000Z,116521,116540,116502.22,116502.23,2.2577
2025-08-08T20:28:00.000Z,116516,116518,116502.22,116502.23,0.92253
2025-08-08T20:29:00.000Z,116518,116531,116502.22,116506.66,1.00745
2025-08-08T20:30:00.000Z,116531,116558,116506.65,116539.6,2.40716
2025-08-08T20:31:00.000Z,116559,116560,116539.59,116539.6,0.30077
2025-08-08T20:32:00.000Z,116560,116575,116539.59,116539.6,3.97952
2025-08-08T20:33:00.000Z,116551,116569,116539.59,116547.2,4.88271
2025-08-08T20:34:00.000Z,116569,116589,116547.2,116557.05,3.49917
2025-08-08T20:35:00.000Z,116590,116626,116557.04,116594.36,2.48104
2025-08-08T20:36:00.000Z,116626,116631,116593.99,116600.34,6.70912
2025-08-08T20:37:00.000Z,116629,116634,116600.33,116606,1.18057
2025-08-08T20:38:00.000Z,116634,116637,116605.99,116606,0.57975
2025-08-08T20:39:00.000Z,116631,116631,116605.99,116605.99,1.60483
2025-08-08T20:40:00.000Z,116620,116631,116605.99,116606,1.04237
2025-08-08T20:41:00.000Z,116631,116665,116605.99,116642.33,3.07549
2025-08-08T20:42:00.000Z,116665,116692,116642.33,116660,1.67418
2025-08-08T20:43:00.000Z,116692,116775,116659.99,116735.99,9.03492
2025-08-08T20:44:00.000Z,116770,116827,116735.99,116775.2,4.04247
2025-08-08T20:45:00.000Z,116820,116860,116775.19,116809.99,9.00564
2025-08-08T20:46:00.000Z,116860,116896,116809.99,116857.14,7.30488
2025-08-08T20:47:00.000Z,116895,116936,116857.14,116879.99,14.80845
2025-08-08T20:48:00.000Z,116922,116962,116832,116840,24.27366
2025-08-08T20:49:00.000Z,116891,116910,116811.2,116822.5,5.8839
2025-08-08T20:50:00.000Z,116870,116876,116811.2,116819.51,3.02992
2025-08-08T20:51:00.000Z,116871,116871,116808.35,116808.36,4.32947
2025-08-08T20:52:00.000Z,116851,116851,116793.04,116793.04,4.01139
2025-08-08T20:53:00.000Z,116837,116840,116793.03,116793.03,1.30586
2025-08-08T20:54:00.000Z,116840,116865,116793.03,116823.99,5.27115
2025-08-08T20:55:00.000Z,116865,116865,116823.99,116823.99,1.62521
2025-08-08T20:56:00.000Z,116865,116884,116823.99,116839.99,3.98467
2025-08-08T20:57:00.000Z,116884,116894,116839.99,116840,11.84718
2025-08-08T20:58:00.000Z,116867,116887,116839.99,116851.9,8.09994
2025-08-08T20:59:00.000Z,116887,116936,116851.9,116888.52,7.75278
2025-08-08T21:00:00.000Z,116936,116936,116864.18,116864.19,8.29315
2025-08-08T21:01:00.000Z,116909,116909,116831.96,116849.97,4.42632
2025-08-08T21:02:00.000Z,116890,116890,116841.46,116841.46,3.0698
2025-08-08T21:03:00.000Z,116880,116889,116836.44,116836.45,3.56983
2025-08-08T21:04:00.000Z,116882,116882,116794,116794.01,4.35061
2025-08-08T21:05:00.000Z,116836,116849,116794,116810,5.50256
2025-08-08T21:06:00.000Z,116849,116856,116809.99,116809.99,0.83229
2025-08-08T21:07:00.000Z,116853,116853,116809.99,116816.9,3.62749
2025-08-08T21:08:00.000Z,116849,116874,116816.9,116830,1.90213
2025-08-08T21:09:00.000Z,116874,116877,116822.19,116822.19,6.52929
2025-08-08T21:10:00.000Z,116867,116868,116809.99,116819.99,2.60271
2025-08-08T21:11:00.000Z,116868,116871,116819.99,116829,1.29153
2025-08-08T21:12:00.000Z,116871,116872,116828.99,116829,2.06988
2025-08-08T21:13:00.000Z,116872,116872,116828.99,116828.99,1.93689
2025-08-08T21:14:00.000Z,116870,116870,116812.07,116828.99,17.85773
2025-08-08T21:15:00.000Z,116860,116860,116798.8,116798.8,4.30758
2025-08-08T21:16:00.000Z,116825,116825,116784.46,116784.46,4.11315
2025-08-08T21:17:00.000Z,116809,116809,116755.54,116755.54,4.28204
2025-08-08T21:18:00.000Z,116780,116789,116755.54,116755.54,1.01315
2025-08-08T21:19:00.000Z,116781,116781,116755.53,116755.54,3.71413
2025-08-08T21:20:00.000Z,116777,116798,116755.53,116763.99,4.88779
2025-08-08T21:21:00.000Z,116798,116798,116763.99,116763.99,1.02781
2025-08-08T21:22:00.000Z,116794,116805,116763.99,116770.41,1.84498
2025-08-08T21:23:00.000Z,116805,116827,116770.4,116800,2.727
2025-08-08T21:24:00.000Z,116827,116827,116799.99,116800,0.81876
2025-08-08T21:25:00.000Z,116828,116846,116799.99,116800,0.85385
2025-08-08T21:26:00.000Z,116846,116846,116799.99,116800,2.09761
2025-08-08T21:27:00.000Z,116846,116846,116772.21,116786,14.81979
2025-08-08T21:28:00.000Z,116817,116820,116785.99,116785.99,0.57359
2025-08-08T21:29:00.000Z,116818,116826,116785.99,116800,3.45625
2025-08-08T21:30:00.000Z,116826,116849,116799.99,116821.28,7.74986
2025-08-08T21:31:00.000Z,116840,116840,116819.99,116820,3.94084
2025-08-08T21:32:00.000Z,116840,116846,116819.99,116819.99,2.70223
2025-08-08T21:33:00.000Z,116846,116850,116819.99,116827.98,1.13166
2025-08-08T21:34:00.000Z,116850,116886,116827.98,116859.99,4.69646
2025-08-08T21:35:00.000Z,116886,116917,116859.99,116888.98,4.42047
2025-08-08T21:36:00.000Z,116917,116948,116888.98,116893.1,10.60579
2025-08-08T21:37:00.000Z,116927,116927,116893.09,116893.1,2.23917
2025-08-08T21:38:00.000Z,116917,116917,116861.13,116861.13,17.58769
2025-08-08T21:39:00.000Z,116904,116904,116860,116860.01,1.22682
2025-08-08T21:40:00.000Z,116889,116981,116860.01,116957.91,19.18538
2025-08-08T21:41:00.000Z,116979,116988,116957.91,116960,4.6085
2025-08-08T21:42:00.000Z,116988,116988,116946.05,116946.06,3.74419
2025-08-08T21:43:00.000Z,116988,116996,116946.05,116949.99,4.00726
2025-08-08T21:44:00.000Z,116998,117019,116949.99,116970,5.08515
2025-08-08T21:45:00.000Z,117019,117019,116969.99,116969.99,4.18668
2025-08-08T21:46:00.000Z,117019,117019,116938.62,116938.62,3.54609
2025-08-08T21:47:00.000Z,116992,116992,116925.42,116950,9.83512
2025-08-08T21:48:00.000Z,116992,116999,116950,116950,2.90244
2025-08-08T21:49:00.000Z,116999,116999,116950,116950.01,0.89284
2025-08-08T21:50:00.000Z,116999,116999,116950,116950,1.12152
2025-08-08T21:51:00.000Z,116999,116999,116950,116951.94,0.85026
2025-08-08T21:52:00.000Z,116999,117000,116951.94,116960,1.03932
2025-08-08T21:53:00.000Z,117000,117009,116959.99,116970,4.12892
2025-08-08T21:54:00.000Z,117009,117016,116969.99,116969.99,0.64985
2025-08-08T21:55:00.000Z,117016,117016,116969.99,116970,0.82865
2025-08-08T21:56:00.000Z,117016,117021,116969.99,116971.41,4.54987
2025-08-08T21:57:00.000Z,117021,117027,116971.41,116979.95,3.12702
2025-08-08T21:58:00.000Z,117028,117029,116931.43,116931.44,6.70875
2025-08-08T21:59:00.000Z,116972,116978,116931.43,116931.44,2.20289
2025-08-08T22:00:00.000Z,116978,116978,116904.02,116904.03,5.01656
2025-08-08T22:01:00.000Z,116940,116940,116861.14,116861.15,4.21689
2025-08-08T22:02:00.000Z,116894,116922,116861.14,116869.99,5.89751
2025-08-08T22:03:00.000Z,116902,116943,116869.99,116903.79,1.88433
2025-08-08T22:04:00.000Z,116942,116943,116903.79,116903.79,1.12562
2025-08-08T22:05:00.000Z,116943,116943,116848,116853.37,31.87843
2025-08-08T22:06:00.000Z,116890,116890,116752.05,116763.9,18.93196
2025-08-08T22:07:00.000Z,116796,116842,116763.9,116814,18.08443
2025-08-08T22:08:00.000Z,116847,116885,116813.99,116846.08,6.04136
2025-08-08T22:09:00.000Z,116886,116930,116846.08,116894.05,2.94855
2025-08-08T22:10:00.000Z,116930,116930,116880,116880,3.48012
2025-08-08T22:11:00.000Z,116906,116906,116879.87,116879.88,0.96178
2025-08-08T22:12:00.000Z,116906,116923,116879.87,116887.69,0.97337
2025-08-08T22:13:00.000Z,116923,116975,116887.68,116925.13,3.20663
2025-08-08T22:14:00.000Z,116964,116981,116925.13,116938.25,0.64345
2025-08-08T22:15:00.000Z,116981,117020,116938.25,116971.75,1.85449
2025-08-08T22:16:00.000Z,117020,117037,116971.75,116980,2.10647
2025-08-08T22:17:00.000Z,117021,117021,116907.58,116907.58,5.81748
2025-08-08T22:18:00.000Z,116941,116955,116907.58,116914,1.91831
2025-08-08T22:19:00.000Z,116955,116965,116913.99,116920,0.95763
2025-08-08T22:20:00.000Z,116965,116968,116919.99,116935.41,1.1313
2025-08-08T22:21:00.000Z,116968,116968,116922.01,116922.02,2.50981
2025-08-08T22:22:00.000Z,116955,116955,116922.01,116922.02,1.1746
2025-08-08T22:23:00.000Z,116955,116955,116915.03,116915.04,1.07145
2025-08-08T22:24:00.000Z,116946,116946,116915.03,116919.99,1.00924
2025-08-08T22:25:00.000Z,116950,116976,116920,116928.33,1.07845
2025-08-08T22:26:00.000Z,116976,116976,116928.32,116933.29,1.33246
2025-08-08T22:27:00.000Z,116968,116981,116933.29,116959.46,1.61089
2025-08-08T22:28:00.000Z,116981,116992,116959.46,116959.47,0.32458
2025-08-08T22:29:00.000Z,116992,116992,116959.46,116959.47,0.45765
2025-08-08T22:30:00.000Z,116992,116992,116959.46,116959.47,0.2708
2025-08-08T22:31:00.000Z,116992,117007,116945.62,116945.63,3.59851
2025-08-08T22:32:00.000Z,116978,116994,116894.28,116894.28,10.60643
2025-08-08T22:33:00.000Z,116936,116936,116894.28,116897.58,3.63306
2025-08-08T22:34:00.000Z,116936,116957,116897.57,116915.98,1.47167
2025-08-08T22:35:00.000Z,116947,116947,116906,116929.67,2.2081
2025-08-08T22:36:00.000Z,116947,116970,116929.67,116940.26,1.29221
2025-08-08T22:37:00.000Z,116970,116970,116923.02,116923.02,1.69753
2025-08-08T22:38:00.000Z,116970,116970,116896.04,116896.05,1.68692
2025-08-08T22:39:00.000Z,116932,116932,116865.89,116865.9,2.77401
2025-08-08T22:40:00.000Z,116903,116931,116865.89,116896.17,3.48804
2025-08-08T22:41:00.000Z,116931,116937,116896.16,116896.17,0.54094
2025-08-08T22:42:00.000Z,116929,116929,116896.16,116896.17,0.29428
2025-08-08T22:43:00.000Z,116929,116929,116896.15,116896.16,5.60404
2025-08-08T22:44:00.000Z,116925,116945,116896.15,116927.76,2.84598
2025-08-08T22:45:00.000Z,116946,116955,116904.39,116907.88,3.86959
2025-08-08T22:46:00.000Z,116942,116942,116907.87,116907.88,0.38521
2025-08-08T22:47:00.000Z,116942,116952,116907.87,116907.88,1.72164
2025-08-08T22:48:00.000Z,116952,116952,116907.87,116907.88,0.90628
2025-08-08T22:49:00.000Z,116951,116951,116907.87,116908,2.50994
2025-08-08T22:50:00.000Z,116949,116954,116907.99,116922.24,1.03055
2025-08-08T22:51:00.000Z,116954,116954,116922.22,116922.22,6.82181
2025-08-08T22:52:00.000Z,116942,116945,116900,116900,3.13516
2025-08-08T22:53:00.000Z,116941,116941,116888.91,116888.92,6.66572
2025-08-08T22:54:00.000Z,116915,116925,116888.91,116888.91,0.52159
2025-08-08T22:55:00.000Z,116915,116915,116888.91,116888.91,0.51637
2025-08-08T22:56:00.000Z,116909,116927,116888.91,116888.92,1.53986
2025-08-08T22:57:00.000Z,116927,116927,116888.91,116888.91,1.72858
2025-08-08T22:58:00.000Z,116916,116916,116888.91,116888.91,3.3708
2025-08-08T22:59:00.000Z,116916,116924,116888.9,116888.9,4.01928
2025-08-08T23:00:00.000Z,116908,116928,116888.9,116888.9,3.32381
2025-08-08T23:01:00.000Z,116911,116911,116860,116860.01,5.04184
2025-08-08T23:02:00.000Z,116885,116934,116860,116900,5.58342
2025-08-08T23:03:00.000Z,116934,116953,116899.99,116907.38,4.28072
2025-08-08T23:04:00.000Z,116953,116953,116907.38,116917.73,1.90686
2025-08-08T23:05:00.000Z,116953,116953,116907.38,116907.39,1.96958
2025-08-08T23:06:00.000Z,116953,116953,116907.38,116907.38,0.42152
2025-08-08T23:07:00.000Z,116953,116953,116907.38,116907.39,1.5346
2025-08-08T23:08:00.000Z,116953,116953,116907.38,116907.39,0.3292
2025-08-08T23:09:00.000Z,116952,116952,116907.38,116907.39,1.07987
2025-08-08T23:10:00.000Z,116944,116944,116907.38,116907.39,0.50078
2025-08-08T23:11:00.000Z,116944,116944,116882.98,116882.99,3.89837
2025-08-08T23:12:00.000Z,116914,116918,116882.98,116882.99,2.06022
2025-08-08T23:13:00.000Z,116918,116918,116882.98,116882.98,0.22768
2025-08-08T23:14:00.000Z,116918,116918,116882.98,116882.98,0.66872
2025-08-08T23:15:00.000Z,116918,116918,116882.98,116882.98,0.61779
2025-08-08T23:16:00.000Z,116917,116917,116882.98,116882.99,0.37672
2025-08-08T23:17:00.000Z,116917,116917,116882.98,116882.99,2.65666
2025-08-08T23:18:00.000Z,116917,116917,116882.98,116882.99,0.29336
2025-08-08T23:19:00.000Z,116917,116917,116858.64,116858.64,5.87668
2025-08-08T23:20:00.000Z,116900,116900,116845.44,116857.99,6.19756
2025-08-08T23:21:00.000Z,116896,116896,116857.99,116857.99,2.3337
2025-08-08T23:22:00.000Z,116895,116896,116857.99,116858,0.72245
2025-08-08T23:23:00.000Z,116895,116896,116857.99,116858,1.26142
2025-08-08T23:24:00.000Z,116893,116894,116857.99,116858,0.49371
2025-08-08T23:25:00.000Z,116893,116894,116840,116840,12.22186
2025-08-08T23:26:00.000Z,116872,116872,116840,116840.01,0.31874
2025-08-08T23:27:00.000Z,116870,116870,116840,116840.01,0.34761
2025-08-08T23:28:00.000Z,116867,116868,116815.28,116815.28,3.77986
2025-08-08T23:29:00.000Z,116833,116833,116800,116800,1.12275
2025-08-08T23:30:00.000Z,116816,116816,116768.41,116768.41,5.60188
2025-08-08T23:31:00.000Z,116795,116795,116755.92,116755.92,0.57021
2025-08-08T23:32:00.000Z,116778,116778,116734.39,116734.39,5.35962
2025-08-08T23:33:00.000Z,116771,116771,116730,116730,1.56474
2025-08-08T23:34:00.000Z,116752,116752,116730,116730.01,0.8449
2025-08-08T23:35:00.000Z,116752,116758,116730,116730.01,2.10851
2025-08-08T23:36:00.000Z,116758,116759,116720.79,116720.79,3.32799
2025-08-08T23:37:00.000Z,116747,116760,116704.26,116704.27,1.7985
2025-08-08T23:38:00.000Z,116747,116747,116670,116670.01,13.09888
2025-08-08T23:39:00.000Z,116721,116721,116657.26,116657.26,0.74894
2025-08-08T23:40:00.000Z,116668,116751,116657.26,116705.28,5.28239
2025-08-08T23:41:00.000Z,116751,116751,116692,116692,1.89896
2025-08-08T23:42:00.000Z,116721,116726,116692,116692,2.8725
2025-08-08T23:43:00.000Z,116721,116733,116692,116692.01,0.40268
2025-08-08T23:44:00.000Z,116733,116752,116692,116716.24,5.59073
2025-08-08T23:45:00.000Z,116752,116752,116706,116706,1.1186
2025-08-08T23:46:00.000Z,116731,116731,116706,116706.01,0.63714
2025-08-08T23:47:00.000Z,116731,116738,116706,116706.01,0.6369
2025-08-08T23:48:00.000Z,116738,116742,116706,116706,0.43247
2025-08-08T23:49:00.000Z,116742,116746,116706,116706.01,0.9077
2025-08-08T23:50:00.000Z,116746,116746,116706,116706,0.56206
2025-08-08T23:51:00.000Z,116738,116738,116706,116706,1.22445
2025-08-08T23:52:00.000Z,116738,116738,116706,116706,0.80298
2025-08-08T23:53:00.000Z,116736,116736,116706,116706.01,0.66429
2025-08-08T23:54:00.000Z,116736,116736,116676.32,116676.32,2.20085
2025-08-08T23:55:00.000Z,116709,116709,116670.6,116670.61,0.98768
2025-08-08T23:56:00.000Z,116699,116708,116670.6,116674.74,3.42959
2025-08-08T23:57:00.000Z,116708,116712,116674.73,116674.73,0.65673
2025-08-08T23:58:00.000Z,116704,116704,116674.73,116674.73,0.43678
2025-08-08T23:59:00.000Z,116700,116700,116674.73,116674.74,0.34521
2025-08-09T00:00:00.000Z,116700,116714,116664.28,116664.29,3.99567
2025-08-09T00:01:00.000Z,116701,116701,116664.28,116664.29,1.34261
2025-08-09T00:02:00.000Z,116698,116698,116664.28,116674.8,3.59198
2025-08-09T00:03:00.000Z,116698,116737,116674.79,116682.68,4.94681
2025-08-09T00:04:00.000Z,116731,116731,116670.26,116674.99,2.60165
2025-08-09T00:05:00.000Z,116707,116736,116674.98,116707.46,2.96828
2025-08-09T00:06:00.000Z,116736,116741,116707.45,116707.46,8.74246
2025-08-09T00:07:00.000Z,116741,116741,116700,116700,6.65436
2025-08-09T00:08:00.000Z,116726,116726,116615.96,116630,8.13309
2025-08-09T00:09:00.000Z,116674,116693,116618,116667.99,6.38026
2025-08-09T00:10:00.000Z,116693,116708,116667.99,116679.89,8.72207
2025-08-09T00:11:00.000Z,116707,116707,116673.97,116673.98,1.08724
2025-08-09T00:12:00.000Z,116700,116719,116673.97,116697.99,1.58506
2025-08-09T00:13:00.000Z,116720,116730,116697.98,116697.98,0.64989
2025-08-09T00:14:00.000Z,116730,116741,116697.98,116708.87,2.00615
2025-08-09T00:15:00.000Z,116741,116796,116708.86,116747.58,8.54112
2025-08-09T00:16:00.000Z,116780,116780,116697.98,116697.99,2.69632
2025-08-09T00:17:00.000Z,116738,116738,116655.66,116655.66,2.04774
2025-08-09T00:18:00.000Z,116701,116729,116655.65,116689.6,1.80414
2025-08-09T00:19:00.000Z,116728,116744,116689.59,116697.97,1.85165
2025-08-09T00:20:00.000Z,116744,116765,116697.96,116714.91,1.2339
2025-08-09T00:21:00.000Z,116762,116762,116714.9,116714.91,1.51101
2025-08-09T00:22:00.000Z,116753,116753,116714.9,116714.9,0.43496
2025-08-09T00:23:00.000Z,116753,116753,116714.9,116714.9,0.38275
2025-08-09T00:24:00.000Z,116747,116748,116714.9,116714.9,1.1304
2025-08-09T00:25:00.000Z,116748,116748,116701.39,116701.39,4.40782
2025-08-09T00:26:00.000Z,116725,116735,116701.39,116701.4,0.8333
2025-08-09T00:27:00.000Z,116735,116787,116701.39,116740.67,5.72246
2025-08-09T00:28:00.000Z,116770,116770,116736.42,116736.42,0.88895
2025-08-09T00:29:00.000Z,116757,116757,116728.59,116728.6,1.57209
2025-08-09T00:30:00.000Z,116750,116750,116669.2,116695.17,9.0124
2025-08-09T00:31:00.000Z,116721,116749,116695.16,116711.28,2.39043
2025-08-09T00:32:00.000Z,116749,116749,116657.53,116657.53,2.53442
2025-08-09T00:33:00.000Z,116700,116700,116641.76,116641.76,1.5548
2025-08-09T00:34:00.000Z,116683,116683,116631.09,116631.09,1.238
2025-08-09T00:35:00.000Z,116671,116683,116622.53,116669.32,3.18292
2025-08-09T00:36:00.000Z,116688,116708,116648.25,116648.26,2.55837
2025-08-09T00:37:00.000Z,116679,116679,116614.09,116614.1,1.93852
2025-08-09T00:38:00.000Z,116651,116651,116614.09,116625.87,2.57584
2025-08-09T00:39:00.000Z,116651,116671,116625.87,116636.92,1.65516
2025-08-09T00:40:00.000Z,116671,116671,116636.92,116636.93,0.60679
2025-08-09T00:41:00.000Z,116662,116675,116636.92,116636.93,0.91044
2025-08-09T00:42:00.000Z,116675,116675,116636.92,116636.93,0.59156
2025-08-09T00:43:00.000Z,116675,116675,116636.92,116636.92,0.43586
2025-08-09T00:44:00.000Z,116672,116672,116636.92,116636.93,0.87515
2025-08-09T00:45:00.000Z,116672,116672,116636.92,116636.92,0.77436
2025-08-09T00:46:00.000Z,116665,116665,116618.09,116618.1,2.37666
2025-08-09T00:47:00.000Z,116651,116651,116616.48,116616.49,1.06216
2025-08-09T00:48:00.000Z,116651,116651,116614.09,116614.1,0.97892
2025-08-09T00:49:00.000Z,116651,116665,116614.09,116628.78,4.48263
2025-08-09T00:50:00.000Z,116665,116665,116628.78,116628.79,0.69912
2025-08-09T00:51:00.000Z,116652,116652,116611.33,116611.33,1.32163
2025-08-09T00:52:00.000Z,116651,116651,116600,116600,1.14222
2025-08-09T00:53:00.000Z,116639,116639,116600,116600.01,0.39575
2025-08-09T00:54:00.000Z,116639,116639,116600,116600,0.42002
2025-08-09T00:55:00.000Z,116632,116632,116587.04,116587.04,1.66819
2025-08-09T00:56:00.000Z,116613,116613,116577.72,116577.72,2.16171
2025-08-09T00:57:00.000Z,116612,116612,116577.72,116580.73,2.58135
2025-08-09T00:58:00.000Z,116610,116610,116580.72,116580.72,1.33578
2025-08-09T00:59:00.000Z,116609,116611,116580.72,116586,1.69365
2025-08-09T01:00:00.000Z,116611,116611,116573.39,116573.4,4.25183
2025-08-09T01:01:00.000Z,116609,116609,116573.39,116573.4,1.05017
2025-08-09T01:02:00.000Z,116606,116606,116573.39,116573.4,0.37698
2025-08-09T01:03:00.000Z,116605,116605,116550.39,116550.39,1.85405
2025-08-09T01:04:00.000Z,116585,116597,116550.39,116557.06,3.25432
2025-08-09T01:05:00.000Z,116597,116598,116554.95,116570.46,5.49619
2025-08-09T01:06:00.000Z,116599,116647,116570.45,116628.21,3.11888
2025-08-09T01:07:00.000Z,116648,116656,116628.21,116631.74,10.04543
2025-08-09T01:08:00.000Z,116656,116656,116631.74,116631.75,0.3969
2025-08-09T01:09:00.000Z,116656,116659,116631.74,116639.99,1.14107
2025-08-09T01:10:00.000Z,116664,116670,116639.99,116646.46,0.63015
2025-08-09T01:11:00.000Z,116670,116679,116646.45,116650.01,1.35784
2025-08-09T01:12:00.000Z,116679,116679,116619.91,116622.48,3.83385
2025-08-09T01:13:00.000Z,116652,116667,116622.48,116631.59,1.06911
2025-08-09T01:14:00.000Z,116667,116667,116611.47,116611.47,1.65822
2025-08-09T01:15:00.000Z,116652,116652,116611.47,116611.47,1.13704
2025-08-09T01:16:00.000Z,116652,116652,116580.92,116580.92,2.09139
2025-08-09T01:17:00.000Z,116625,116625,116545.32,116545.32,2.69837
2025-08-09T01:18:00.000Z,116590,116590,116544.85,116544.85,2.87897
2025-08-09T01:19:00.000Z,116585,116585,116544.85,116544.85,0.92601
2025-08-09T01:20:00.000Z,116585,116585,116544.85,116544.85,0.86656
2025-08-09T01:21:00.000Z,116584,116585,116544.85,116544.85,0.90371
2025-08-09T01:22:00.000Z,116585,116585,116531,116531,1.4784
2025-08-09T01:23:00.000Z,116566,116566,116531,116531,0.36235
2025-08-09T01:24:00.000Z,116566,116566,116521.38,116521.38,3.03851
2025-08-09T01:25:00.000Z,116548,116603,116521.38,116549.42,3.55059
2025-08-09T01:26:00.000Z,116578,116578,116547.21,116547.21,1.19916
2025-08-09T01:27:00.000Z,116578,116578,116547.21,116547.22,3.50011
2025-08-09T01:28:00.000Z,116578,116578,116547.21,116547.22,1.64888
2025-08-09T01:29:00.000Z,116578,116590,116547.21,116547.21,0.47351
2025-08-09T01:30:00.000Z,116590,116591,116547.21,116547.21,0.35355
2025-08-09T01:31:00.000Z,116591,116591,116547.21,116547.21,0.79916
2025-08-09T01:32:00.000Z,116591,116614,116545.85,116556.89,6.26828
2025-08-09T01:33:00.000Z,116608,116616,116550.34,116569.48,2.08815
2025-08-09T01:34:00.000Z,116616,116616,116569.48,116569.48,3.49843
2025-08-09T01:35:00.000Z,116615,116616,116569.48,116569.49,2.46357
2025-08-09T01:36:00.000Z,116616,116632,116569.48,116574,2.88568
2025-08-09T01:37:00.000Z,116622,116622,116574,116574.01,0.48741
2025-08-09T01:38:00.000Z,116622,116622,116574,116574.01,0.50288
2025-08-09T01:39:00.000Z,116622,116622,116574,116574.01,1.39155
2025-08-09T01:40:00.000Z,116622,116622,116574,116574.01,1.30726
2025-08-09T01:41:00.000Z,116617,116640,116574,116596.36,2.53575
2025-08-09T01:42:00.000Z,116640,116670,116596.36,116626.25,5.46431
2025-08-09T01:43:00.000Z,116670,116670,116626.24,116626.74,11.7815
2025-08-09T01:44:00.000Z,116665,116691,116626.24,116639.99,6.12534
2025-08-09T01:45:00.000Z,116691,116699,116639.99,116650,9.0833
2025-08-09T01:46:00.000Z,116699,116699,116625.64,116625.65,7.0555
2025-08-09T01:47:00.000Z,116676,116676,116604.8,116604.8,1.38386
2025-08-09T01:48:00.000Z,116637,116637,116588.54,116588.54,2.89295
2025-08-09T01:49:00.000Z,116621,116621,116588.54,116588.55,0.91584
2025-08-09T01:50:00.000Z,116610,116648,116588.54,116604.81,4.61488
2025-08-09T01:51:00.000Z,116641,116648,116598.4,116610.93,6.06936
2025-08-09T01:52:00.000Z,116648,116660,116610.93,116617.87,3.1792
2025-08-09T01:53:00.000Z,116648,116648,116606.39,116606.39,1.75134
2025-08-09T01:54:00.000Z,116634,116634,116606.38,116606.38,1.56915
2025-08-09T01:55:00.000Z,116625,116625,116588.6,116588.6,2.7427
2025-08-09T01:56:00.000Z,116616,116616,116576.97,116576.97,1.29383
2025-08-09T01:57:00.000Z,116594,116594,116576.97,116576.97,1.08637
2025-08-09T01:58:00.000Z,116594,116594,116576.85,116576.85,3.1175
2025-08-09T01:59:00.000Z,116591,116591,116563.25,116563.26,2.11816
2025-08-09T02:00:00.000Z,116586,116586,116549.8,116549.81,1.28423
2025-08-09T02:01:00.000Z,116571,116571,116539.04,116549.89,17.84916
2025-08-09T02:02:00.000Z,116563,116563,116540.54,116540.55,7.70542
2025-08-09T02:03:00.000Z,116562,116563,116539.04,116539.04,2.22251
2025-08-09T02:04:00.000Z,116558,116558,116522.91,116522.91,3.75455
2025-08-09T02:05:00.000Z,116554,116554,116513.75,116513.75,3.09435
2025-08-09T02:06:00.000Z,116554,116554,116508.65,116508.65,1.01933
2025-08-09T02:07:00.000Z,116554,116554,116507.7,116507.71,2.91018
2025-08-09T02:08:00.000Z,116532,116532,116500.03,116500.03,1.90346
2025-08-09T02:09:00.000Z,116524,116524,116500,116500,1.51868
2025-08-09T02:10:00.000Z,116519,116519,116500,116500,1.89429
2025-08-09T02:11:00.000Z,116515,116515,116500,116500,1.39897
2025-08-09T02:12:00.000Z,116514,116514,116499.99,116499.99,2.32491
2025-08-09T02:13:00.000Z,116513,116513,116468.13,116468.14,6.89431
2025-08-09T02:14:00.000Z,116493,116493,116435,116435,12.50408
2025-08-09T02:15:00.000Z,116438,116438,116415.63,116419.99,5.6855
2025-08-09T02:16:00.000Z,116438,116445,116419.99,116419.99,4.10248
2025-08-09T02:17:00.000Z,116445,116445,116419.99,116419.99,1.42822
2025-08-09T02:18:00.000Z,116445,116477,116419.99,116452.45,3.38381
2025-08-09T02:19:00.000Z,116477,116493,116452.45,116459.5,1.41172
2025-08-09T02:20:00.000Z,116493,116530,116459.49,116494.22,5.73057
2025-08-09T02:21:00.000Z,116530,116530,116464.62,116464.62,2.628
2025-08-09T02:22:00.000Z,116503,116503,116454.44,116454.44,3.49038
2025-08-09T02:23:00.000Z,116484,116502,116454.44,116467.31,3.87029
2025-08-09T02:24:00.000Z,116502,116502,116467.31,116467.32,1.12617
2025-08-09T02:25:00.000Z,116499,116499,116467.31,116467.31,2.37003
2025-08-09T02:26:00.000Z,116499,116499,116467.31,116467.32,0.97499
2025-08-09T02:27:00.000Z,116499,116499,116448.12,116448.12,2.93467
2025-08-09T02:28:00.000Z,116474,116474,116448.12,116448.12,1.19763
2025-08-09T02:29:00.000Z,116474,116474,116448.12,116448.13,0.48272
2025-08-09T02:30:00.000Z,116474,116474,116424.72,116424.72,2.15534
2025-08-09T02:31:00.000Z,116443,116444,116419,116419,2.85239
2025-08-09T02:32:00.000Z,116443,116443,116419,116419.01,0.69637
2025-08-09T02:33:00.000Z,116443,116443,116419,116419.01,0.39225
2025-08-09T02:34:00.000Z,116440,116440,116419,116419,3.43762
2025-08-09T02:35:00.000Z,116437,116437,116419,116419,3.08596
2025-08-09T02:36:00.000Z,116434,116434,116400.53,116400.53,6.28106
2025-08-09T02:37:00.000Z,116415,116415,116400,116400,1.30617
2025-08-09T02:38:00.000Z,116415,116428,116400,116404.04,3.69947
2025-08-09T02:39:00.000Z,116428,116428,116404.03,116404.04,0.87934
2025-08-09T02:40:00.000Z,116428,116428,116404.03,116404.04,0.51967
2025-08-09T02:41:00.000Z,116428,116448,116404.03,116425.47,2.08332
2025-08-09T02:42:00.000Z,116448,116505,116425.46,116450.46,2.78859
2025-08-09T02:43:00.000Z,116484,116484,116450.45,116450.46,0.60349
2025-08-09T02:44:00.000Z,116473,116473,116450.45,116450.45,0.8354
2025-08-09T02:45:00.000Z,116473,116473,116436.93,116436.93,1.61951
2025-08-09T02:46:00.000Z,116472,116473,116436.93,116436.94,3.87718
2025-08-09T02:47:00.000Z,116471,116471,116417.1,116417.1,5.66708
2025-08-09T02:48:00.000Z,116449,116449,116415.88,116415.89,3.94985
2025-08-09T02:49:00.000Z,116449,116458,116415.88,116430,1.61476
2025-08-09T02:50:00.000Z,116458,116497,116429.99,116459.98,2.02003
2025-08-09T02:51:00.000Z,116497,116505,116459.98,116468.11,1.06386
2025-08-09T02:52:00.000Z,116505,116505,116451.63,116451.63,0.94969
2025-08-09T02:53:00.000Z,116486,116486,116451.63,116451.64,0.43942
2025-08-09T02:54:00.000Z,116482,116482,116440,116440.01,0.97565
2025-08-09T02:55:00.000Z,116481,116481,116430.76,116430.77,4.08669
2025-08-09T02:56:00.000Z,116474,116474,116430.76,116430.77,0.72724
2025-08-09T02:57:00.000Z,116468,116468,116408.91,116408.91,2.619
2025-08-09T02:58:00.000Z,116445,116445,116408.91,116408.92,0.63095
2025-08-09T02:59:00.000Z,116445,116445,116404,116404,2.15661
2025-08-09T03:00:00.000Z,116445,116445,116391.37,116391.38,1.42255
2025-08-09T03:01:00.000Z,116432,116433,116391.37,116391.38,1.36372
2025-08-09T03:02:00.000Z,116433,116433,116391.37,116391.37,1.6904
2025-08-09T03:03:00.000Z,116433,116433,116391.37,116391.38,1.37399
2025-08-09T03:04:00.000Z,116433,116433,116369.94,116369.95,2.07479
2025-08-09T03:05:00.000Z,116410,116411,116369,116369,0.60969
2025-08-09T03:06:00.000Z,116393,116406,116369,116369,7.35882
2025-08-09T03:07:00.000Z,116404,116404,116369,116369.01,0.83534
2025-08-09T03:08:00.000Z,116396,116396,116364.76,116364.76,4.3401
2025-08-09T03:09:00.000Z,116396,116396,116364.76,116364.77,0.39109
2025-08-09T03:10:00.000Z,116396,116398,116364.76,116364.77,0.75826
2025-08-09T03:11:00.000Z,116398,116432,116364.76,116407.99,3.46509
2025-08-09T03:12:00.000Z,116432,116480,116407.99,116443,3.44386
2025-08-09T03:13:00.000Z,116480,116500,116429.25,116468.14,19.47972
2025-08-09T03:14:00.000Z,116500,116500,116449.6,116449.61,2.96186
2025-08-09T03:15:00.000Z,116489,116489,116449.6,116449.61,0.40526
2025-08-09T03:16:00.000Z,116489,116489,116426.3,116426.31,2.74489
2025-08-09T03:17:00.000Z,116463,116463,116426.3,116426.3,0.34141
2025-08-09T03:18:00.000Z,116463,116489,116426.3,116443.72,2.34026
2025-08-09T03:19:00.000Z,116489,116489,116443.71,116443.71,1.6447
2025-08-09T03:20:00.000Z,116482,116482,116434.75,116434.75,1.76167
2025-08-09T03:21:00.000Z,116468,116468,116434.75,116434.75,1.416
2025-08-09T03:22:00.000Z,116468,116468,116434.75,116434.76,6.87594
2025-08-09T03:23:00.000Z,116468,116468,116412.09,116412.1,1.73245
2025-08-09T03:24:00.000Z,116450,116451,116408.45,116408.46,0.54275
2025-08-09T03:25:00.000Z,116451,116451,116408.45,116408.45,0.48654
2025-08-09T03:26:00.000Z,116451,116451,116408.45,116410.27,2.6994
2025-08-09T03:27:00.000Z,116451,116451,116410.27,116437.83,2.56432
2025-08-09T03:28:00.000Z,116463,116520,116437.83,116462.61,4.40555
2025-08-09T03:29:00.000Z,116496,116496,116462.61,116462.61,1.43232
2025-08-09T03:30:00.000Z,116496,116496,116460.63,116460.63,0.59715
2025-08-09T03:31:00.000Z,116487,116487,116434.75,116434.75,2.84731
2025-08-09T03:32:00.000Z,116468,116468,116420.88,116420.88,1.24858
2025-08-09T03:33:00.000Z,116459,116459,116410.91,116410.91,3.36983
2025-08-09T03:34:00.000Z,116454,116454,116410.91,116410.92,0.23661
2025-08-09T03:35:00.000Z,116447,116447,116410.91,116410.91,1.45201
2025-08-09T03:36:00.000Z,116447,116481,116410.91,116420.01,8.77872
2025-08-09T03:37:00.000Z,116462,116462,116420,116420.01,0.40975
2025-08-09T03:38:00.000Z,116459,116459,116420,116420.68,3.02441
2025-08-09T03:39:00.000Z,116459,116471,116420.68,116440,1.34737
2025-08-09T03:40:00.000Z,116471,116472,116439.99,116439.99,1.83262
2025-08-09T03:41:00.000Z,116472,116473,116299.13,116334.82,213.37276
2025-08-09T03:42:00.000Z,116394,116468,116334.81,116425.6,22.70215
2025-08-09T03:43:00.000Z,116468,116468,116415.67,116415.67,10.07057
2025-08-09T03:44:00.000Z,116465,116465,116415.67,116415.67,0.33257
2025-08-09T03:45:00.000Z,116465,116465,116415.67,116432.02,5.90769
2025-08-09T03:46:00.000Z,116465,116465,116394.1,116402.07,22.62547
2025-08-09T03:47:00.000Z,116453,116454,116402.06,116402.07,0.95824
2025-08-09T03:48:00.000Z,116452,116452,116353.2,116367.23,21.32919
2025-08-09T03:49:00.000Z,116425,116425,116367.22,116384,6.11162
2025-08-09T03:50:00.000Z,116425,116425,116365.82,116365.83,9.14579
2025-08-09T03:51:00.000Z,116404,116422,116357.48,116387.76,6.94793
2025-08-09T03:52:00.000Z,116422,116425,116364.35,116364.36,14.91197
2025-08-09T03:53:00.000Z,116405,116424,116364.35,116385.91,1.79172
2025-08-09T03:54:00.000Z,116424,116424,116364.77,116373.52,12.28934
2025-08-09T03:55:00.000Z,116410,116415,116359.27,116363.46,10.82784
2025-08-09T03:56:00.000Z,116404,116423,116363.46,116387.33,11.93462
2025-08-09T03:57:00.000Z,116423,116423,116387.32,116387.33,1.12199
2025-08-09T03:58:00.000Z,116421,116421,116384,116384.01,0.79441
2025-08-09T03:59:00.000Z,116421,116421,116384,116384.01,0.76351
2025-08-09T04:00:00.000Z,116418,116418,116339.45,116345.99,32.84642
2025-08-09T04:01:00.000Z,116394,116417,116345.99,116374.39,3.19821
2025-08-09T04:02:00.000Z,116417,116427,116374.38,116384.02,5.53433
2025-08-09T04:03:00.000Z,116424,116424,116374.7,116376.21,4.30998
2025-08-09T04:04:00.000Z,116413,116413,116376.2,116376.5,6.56151
2025-08-09T04:05:00.000Z,116413,116413,116369.5,116369.51,3.68296
2025-08-09T04:06:00.000Z,116408,116409,116362.93,116362.94,1.73133
2025-08-09T04:07:00.000Z,116393,116406,116362.93,116362.93,2.92504
2025-08-09T04:08:00.000Z,116403,116412,116362.93,116379.96,3.20868
2025-08-09T04:09:00.000Z,116412,116435,116379.96,116389.44,4.6507
2025-08-09T04:10:00.000Z,116435,116460,116388,116416.46,9.36978
2025-08-09T04:11:00.000Z,116460,116477,116413.71,116429.08,5.90302
2025-08-09T04:12:00.000Z,116477,116551,116429.08,116500,21.11436
2025-08-09T04:13:00.000Z,116551,116564,116473.85,116538.71,16.47019
2025-08-09T04:14:00.000Z,116565,116601,116529.26,116548.66,17.74381
2025-08-09T04:15:00.000Z,116594,116594,116539.52,116539.52,3.80171
2025-08-09T04:16:00.000Z,116585,116585,116502.73,116502.74,1.82792
2025-08-09T04:17:00.000Z,116546,116546,116491.24,116491.24,0.75202
2025-08-09T04:18:00.000Z,116544,116544,116482.22,116482.23,0.85094
2025-08-09T04:19:00.000Z,116529,116529,116477.56,116477.57,1.91283
2025-08-09T04:20:00.000Z,116529,116529,116477.56,116477.56,0.2764
2025-08-09T04:21:00.000Z,116514,116514,116468.45,116468.45,5.32727
2025-08-09T04:22:00.000Z,116514,116514,116460,116460.01,1.22178
2025-08-09T04:23:00.000Z,116503,116503,116435.98,116442.55,6.0395
2025-08-09T04:24:00.000Z,116483,116484,116442.54,116442.55,2.00411
2025-08-09T04:25:00.000Z,116484,116484,116442.54,116444.76,1.80608
2025-08-09T04:26:00.000Z,116483,116489,116444.76,116450,1.01044
2025-08-09T04:27:00.000Z,116489,116521,116449.99,116480,6.55127
2025-08-09T04:28:00.000Z,116521,116521,116472.4,116472.41,6.57777
2025-08-09T04:29:00.000Z,116506,116506,116472.4,116472.4,0.50449
2025-08-09T04:30:00.000Z,116506,116506,116457.66,116489.76,3.67756
2025-08-09T04:31:00.000Z,116506,116539,116489.75,116519.51,2.78146
2025-08-09T04:32:00.000Z,116540,116589,116519.51,116529.48,8.2644
2025-08-09T04:33:00.000Z,116568,116611,116529.47,116574.06,4.81005
2025-08-09T04:34:00.000Z,116617,116640,116574.06,116599.15,5.28137
2025-08-09T04:35:00.000Z,116640,116640,116535.28,116573.73,64.74094
2025-08-09T04:36:00.000Z,116611,116670,116573.72,116639.96,6.03386
2025-08-09T04:37:00.000Z,116675,116725,116625,116637.29,18.47753
2025-08-09T04:38:00.000Z,116687,116705,116637.28,116666.72,3.28971
2025-08-09T04:39:00.000Z,116705,116705,116618.45,116625.14,10.76734
2025-08-09T04:40:00.000Z,116678,116678,116581.81,116598,5.80517
2025-08-09T04:41:00.000Z,116651,116651,116596.75,116596.75,4.38204
2025-08-09T04:42:00.000Z,116638,116638,116500,116500.01,5.89668
2025-08-09T04:43:00.000Z,116561,116561,116457.66,116457.66,3.69604
2025-08-09T04:44:00.000Z,116501,116501,116409.83,116416,9.12712
2025-08-09T04:45:00.000Z,116456,116462,116412,116412,2.65496
2025-08-09T04:46:00.000Z,116451,116451,116412,116413.71,0.84857
2025-08-09T04:47:00.000Z,116451,116451,116413.71,116413.71,1.98859
2025-08-09T04:48:00.000Z,116451,116451,116387.9,116387.99,2.25193
2025-08-09T04:49:00.000Z,116425,116433,116387.02,116387.03,1.80704
2025-08-09T04:50:00.000Z,116433,116433,116387.02,116395.36,4.37471
2025-08-09T04:51:00.000Z,116433,116433,116395.35,116395.51,3.46497
2025-08-09T04:52:00.000Z,116432,116489,116395.51,116434.76,5.83163
2025-08-09T04:53:00.000Z,116478,116478,116413.44,116413.45,1.15261
2025-08-09T04:54:00.000Z,116445,116445,116397.46,116397.46,2.49326
2025-08-09T04:55:00.000Z,116441,116441,116397.46,116397.46,4.12468
2025-08-09T04:56:00.000Z,116436,116445,116397.46,116412,2.74768
2025-08-09T04:57:00.000Z,116445,116474,116411.99,116434.76,1.24472
2025-08-09T04:58:00.000Z,116475,116481,116434.76,116434.76,3.69031
2025-08-09T04:59:00.000Z,116481,116481,116434.76,116434.76,2.00324
2025-08-09T05:00:00.000Z,116480,116481,116418,116418,3.50598
2025-08-09T05:01:00.000Z,116463,116491,116418,116448.11,3.58057
2025-08-09T05:02:00.000Z,116491,116531,116448.11,116489.77,2.73446
2025-08-09T05:03:00.000Z,116531,116532,116489.76,116489.77,6.25833
2025-08-09T05:04:00.000Z,116532,116590,116489.77,116555.09,11.80911
2025-08-09T05:05:00.000Z,116590,116677,116518.3,116590,51.2173
2025-08-09T05:06:00.000Z,116642,116800,116579.28,116628.02,139.80483
2025-08-09T05:07:00.000Z,116684,116727,116605,116668.01,24.44323
2025-08-09T05:08:00.000Z,116703,116799,116655,116711.26,27.88051
2025-08-09T05:09:00.000Z,116761,116797,116642.67,116643.67,23.98479
2025-08-09T05:10:00.000Z,116703,116703,116509.76,116556.77,58.41935
2025-08-09T05:11:00.000Z,116619,116620,116501.88,116526.86,10.15352
2025-08-09T05:12:00.000Z,116564,116576,116501.89,116501.89,9.41438
2025-08-09T05:13:00.000Z,116553,116586,116501.89,116516,10.9362
2025-08-09T05:14:00.000Z,116564,116604,116511.54,116552,23.56344
2025-08-09T05:15:00.000Z,116586,116619,116551.99,116564.85,5.49349
2025-08-09T05:16:00.000Z,116617,116649,116560,116600.09,10.94575
2025-08-09T05:17:00.000Z,116649,116701,116600.08,116639.99,9.87399
2025-08-09T05:18:00.000Z,116701,116753,116640,116700.99,10.98128
2025-08-09T05:19:00.000Z,116754,116859,116700.99,116798.81,11.33655
2025-08-09T05:20:00.000Z,116850,116900,116743.51,116846.84,21.94962
2025-08-09T05:21:00.000Z,116899,116968,116846.83,116934.04,33.0862
2025-08-09T05:22:00.000Z,116967,116997,116888,116950.43,39.00381
2025-08-09T05:23:00.000Z,116996,117028,116935.15,116958.79,22.03285
2025-08-09T05:24:00.000Z,117013,117036,116958.79,116979,10.24672
2025-08-09T05:25:00.000Z,117029,117029,116877,116927.73,18.20657
2025-08-09T05:26:00.000Z,116966,117000,116927.73,116964.02,13.32013
2025-08-09T05:27:00.000Z,117000,117034,116964.03,116979.38,35.39093
2025-08-09T05:28:00.000Z,117034,117034,116954.68,116954.68,22.48526
2025-08-09T05:29:00.000Z,117011,117030,116954.68,116966.68,6.24774
2025-08-09T05:30:00.000Z,117029,117029,116949.24,116949.24,25.01072
2025-08-09T05:31:00.000Z,117012,117013,116925.45,116925.45,28.63947
2025-08-09T05:32:00.000Z,116974,117012,116897.16,116947.36,17.43156
2025-08-09T05:33:00.000Z,117010,117013,116947.36,116960.23,9.80548
2025-08-09T05:34:00.000Z,117010,117024,116956.4,116956.4,3.40898
2025-08-09T05:35:00.000Z,117014,117014,116956.4,116956.41,2.58116
2025-08-09T05:36:00.000Z,117013,117014,116926.84,116926.84,21.97911
2025-08-09T05:37:00.000Z,116992,116992,116808.01,116808.01,13.2399
2025-08-09T05:38:00.000Z,116858,116858,116727.33,116793.44,17.67833
2025-08-09T05:39:00.000Z,116833,116927,116770.83,116873.96,16.37175
2025-08-09T05:40:00.000Z,116926,116926,116832,116865.01,7.55688
2025-08-09T05:41:00.000Z,116921,116921,116853.98,116853.98,4.50439
2025-08-09T05:42:00.000Z,116891,116894,116853.98,116853.98,1.51269
2025-08-09T05:43:00.000Z,116894,116937,116853.98,116889.31,3.28631
2025-08-09T05:44:00.000Z,116937,116949,116862.73,116894.75,21.86369
2025-08-09T05:45:00.000Z,116949,116949,116881.42,116887.05,10.37832
2025-08-09T05:46:00.000Z,116935,116968,116887.05,116917.36,15.58878
2025-08-09T05:47:00.000Z,116968,116982,116915,116915.01,3.96462
2025-08-09T05:48:00.000Z,116977,116977,116862.3,116862.31,3.49788
2025-08-09T05:49:00.000Z,116911,116935,116862.3,116887.91,12.33558
2025-08-09T05:50:00.000Z,116935,116938,116834.32,116834.33,9.65376
2025-08-09T05:51:00.000Z,116884,116900,116821.49,116821.49,7.5993
2025-08-09T05:52:00.000Z,116863,116887,116821.49,116821.51,9.84052
2025-08-09T05:53:00.000Z,116875,116888,116821.5,116821.5,8.65124
2025-08-09T05:54:00.000Z,116863,116863,116750,116778.44,22.29278
2025-08-09T05:55:00.000Z,116811,116823,116714.31,116725.99,11.7689
2025-08-09T05:56:00.000Z,116776,116791,116722.32,116722.33,14.89776
2025-08-09T05:57:00.000Z,116764,116770,116722.32,116727.54,3.01176
2025-08-09T05:58:00.000Z,116770,116784,116727.53,116739.23,1.67545
2025-08-09T05:59:00.000Z,116783,116783,116739.22,116739.23,4.24741
2025-08-09T06:00:00.000Z,116783,116783,116739.23,116742.01,3.24012
2025-08-09T06:01:00.000Z,116778,116778,116714.16,116714.17,4.2862
2025-08-09T06:02:00.000Z,116761,116761,116688.8,116688.81,17.92173
2025-08-09T06:03:00.000Z,116733,116748,116688.8,116692.03,8.28811
2025-08-09T06:04:00.000Z,116730,116738,116672.59,116672.59,6.83725
2025-08-09T06:05:00.000Z,116725,116725,116586.21,116623.62,16.93868
2025-08-09T06:06:00.000Z,116669,116689,116623.61,116639.99,2.70439
2025-08-09T06:07:00.000Z,116670,116687,116639.99,116641.99,6.14671
2025-08-09T06:08:00.000Z,116687,116690,116641.99,116642,1.00919
2025-08-09T06:09:00.000Z,116680,116680,116569.5,116604.24,11.43889
2025-08-09T06:10:00.000Z,116646,116646,116604.23,116604.24,1.94558
2025-08-09T06:11:00.000Z,116641,116644,116604.23,116604.24,1.80865
2025-08-09T06:12:00.000Z,116644,116644,116581.39,116581.4,8.37967
2025-08-09T06:13:00.000Z,116624,116626,116580,116580.01,13.77111
2025-08-09T06:14:00.000Z,116624,116624,116580,116580,4.02936
2025-08-09T06:15:00.000Z,116624,116624,116569.5,116569.51,2.84781
2025-08-09T06:16:00.000Z,116608,116608,116541.62,116562,5.49579
2025-08-09T06:17:00.000Z,116596,116626,116561.99,116594.6,3.91567
2025-08-09T06:18:00.000Z,116626,116680,116594.59,116641.01,3.99319
2025-08-09T06:19:00.000Z,116680,116690,116641,116641.02,3.54252
2025-08-09T06:20:00.000Z,116684,116795,116641.01,116752.47,74.43409
2025-08-09T06:21:00.000Z,116795,116795,116728.56,116728.56,7.07529
2025-08-09T06:22:00.000Z,116776,116776,116703.18,116723.05,2.20118
2025-08-09T06:23:00.000Z,116771,116771,116699.68,116722.66,1.56038
2025-08-09T06:24:00.000Z,116759,116759,116681.76,116681.77,4.74666
2025-08-09T06:25:00.000Z,116736,116776,116681.76,116740,4.56445
2025-08-09T06:26:00.000Z,116776,116776,116736,116736.01,4.53917
2025-08-09T06:27:00.000Z,116776,116776,116685.73,116686,8.97567
2025-08-09T06:28:00.000Z,116728,116728,116668.86,116668.87,3.95772
2025-08-09T06:29:00.000Z,116703,116703,116616.26,116616.26,2.60587
2025-08-09T06:30:00.000Z,116671,116671,116604.76,116604.77,2.1583
2025-08-09T06:31:00.000Z,116653,116653,116577.27,116577.28,14.71336
2025-08-09T06:32:00.000Z,116626,116626,116569.44,116569.44,0.50051
2025-08-09T06:33:00.000Z,116618,116618,116541.56,116541.58,3.68212
2025-08-09T06:34:00.000Z,116593,116607,116541.57,116547.99,3.33928
2025-08-09T06:35:00.000Z,116590,116599,116547.99,116547.99,2.68697
2025-08-09T06:36:00.000Z,116599,116599,116532.77,116538,18.67243
2025-08-09T06:37:00.000Z,116599,116641,116537.99,116599.99,8.7328
2025-08-09T06:38:00.000Z,116641,116661,116599.99,116631.34,18.99661
2025-08-09T06:39:00.000Z,116661,116683,116631.34,116642.67,0.69113
2025-08-09T06:40:00.000Z,116683,116694,116630,116630.01,8.42286
2025-08-09T06:41:00.000Z,116675,116675,116630,116635.82,2.78234
2025-08-09T06:42:00.000Z,116673,116691,116635.82,116635.82,1.5134
2025-08-09T06:43:00.000Z,116674,116674,116609.23,116609.24,2.03167
2025-08-09T06:44:00.000Z,116650,116650,116604,116604,2.52608
2025-08-09T06:45:00.000Z,116650,116650,116590.93,116594.83,4.81674
2025-08-09T06:46:00.000Z,116640,116650,116594.82,116602.6,6.50698
2025-08-09T06:47:00.000Z,116642,116642,116580.12,116580.13,2.55599
2025-08-09T06:48:00.000Z,116631,116638,116566.79,116566.8,5.66965
2025-08-09T06:49:00.000Z,116617,116633,116563.61,116582.64,1.34482
2025-08-09T06:50:00.000Z,116633,116656,116582.63,116613.82,3.06268
2025-08-09T06:51:00.000Z,116656,116663,116613.81,116613.81,0.73598
2025-08-09T06:52:00.000Z,116663,116665,116613.81,116613.82,1.01856
2025-08-09T06:53:00.000Z,116665,116665,116613.81,116613.82,2.91845
2025-08-09T06:54:00.000Z,116665,116665,116600.08,116600.08,2.2972
2025-08-09T06:55:00.000Z,116654,116681,116600.08,116638.18,7.64526
2025-08-09T06:56:00.000Z,116681,116725,116638.18,116662.98,1.33184
2025-08-09T06:57:00.000Z,116725,116738,116662.97,116672,5.01054
2025-08-09T06:58:00.000Z,116738,116759,116671.99,116680.34,6.87042
2025-08-09T06:59:00.000Z,116738,116738,116650.74,116650.75,1.86838
2025-08-09T07:00:00.000Z,116711,116711,116650.74,116650.75,0.59076
2025-08-09T07:01:00.000Z,116711,116711,116633.88,116633.89,1.74178
2025-08-09T07:02:00.000Z,116686,116692,116633.88,116637.99,2.64929
2025-08-09T07:03:00.000Z,116692,116700,116637.99,116637.99,2.47955
2025-08-09T07:04:00.000Z,116700,116707,116637.99,116650.75,2.30093
2025-08-09T07:05:00.000Z,116708,116718,116650.74,116650.74,2.98804
2025-08-09T07:06:00.000Z,116714,116750,116650.74,116698.01,6.03745
2025-08-09T07:07:00.000Z,116750,116750,116680.56,116680.57,2.03697
2025-08-09T07:08:00.000Z,116742,116742,116680.56,116680.57,1.75856
2025-08-09T07:09:00.000Z,116737,116737,116669.37,116669.38,3.97203
2025-08-09T07:10:00.000Z,116734,116754,116669.38,116689.02,3.89319
2025-08-09T07:11:00.000Z,116744,116748,116689.02,116689.03,0.71805
2025-08-09T07:12:00.000Z,116748,116757,116689.02,116694.64,1.03662
2025-08-09T07:13:00.000Z,116757,116776,116694.63,116740,29.66195
2025-08-09T07:14:00.000Z,116776,116776,116729.92,116740.01,8.28032
2025-08-09T07:15:00.000Z,116776,116822,116740,116752.05,4.69277
2025-08-09T07:16:00.000Z,116822,116822,116752.05,116754.6,1.27678
2025-08-09T07:17:00.000Z,116811,116837,116754.59,116789.6,6.87288
2025-08-09T07:18:00.000Z,116837,116899,116789.59,116828.89,5.78545
2025-08-09T07:19:00.000Z,116890,116900,116820.36,116841.91,16.47559
2025-08-09T07:20:00.000Z,116900,116914,116841.91,116850.6,2.36137
2025-08-09T07:21:00.000Z,116914,116924,116850.6,116850.6,1.58532
2025-08-09T07:22:00.000Z,116924,116924,116850.6,116851.34,5.31855
2025-08-09T07:23:00.000Z,116922,116922,116850.58,116850.58,5.4612
2025-08-09T07:24:00.000Z,116917,116917,116808.67,116810.05,17.86457
2025-08-09T07:25:00.000Z,116870,116872,116810.04,116810.05,3.5311
2025-08-09T07:26:00.000Z,116872,116921,116810.04,116853.35,11.12709
2025-08-09T07:27:00.000Z,116920,116945,116853.35,116880,3.93302
2025-08-09T07:28:00.000Z,116945,116946,116879.99,116880,1.88816
2025-08-09T07:29:00.000Z,116946,116956,116879.99,116879.99,1.13124
2025-08-09T07:30:00.000Z,116956,116956,116879.99,116885.56,6.65457
2025-08-09T07:31:00.000Z,116944,116967,116885.55,116902.22,1.49947
2025-08-09T07:32:00.000Z,116964,116964,116890.52,116890.53,4.31222
2025-08-09T07:33:00.000Z,116955,116955,116845.66,116845.67,4.6087
2025-08-09T07:34:00.000Z,116889,116905,116840,116840.01,2.0494
2025-08-09T07:35:00.000Z,116893,116893,116840,116840,3.39666
2025-08-09T07:36:00.000Z,116893,116893,116806.82,116806.83,4.57607
2025-08-09T07:37:00.000Z,116861,116861,116784,116798.51,5.78383
2025-08-09T07:38:00.000Z,116859,116860,116798.5,116798.5,1.60499
2025-08-09T07:39:00.000Z,116860,116860,116798.5,116798.51,0.41226
2025-08-09T07:40:00.000Z,116860,116890,116798.5,116823.54,2.6795
2025-08-09T07:41:00.000Z,116890,116890,116815.4,116815.4,3.02254
2025-08-09T07:42:00.000Z,116867,116867,116804,116804.01,0.96461
2025-08-09T07:43:00.000Z,116861,116861,116780,116780.01,1.08705
2025-08-09T07:44:00.000Z,116831,116831,116780,116780.01,2.33901
2025-08-09T07:45:00.000Z,116831,116834,116776.3,116776.3,3.32909
2025-08-09T07:46:00.000Z,116831,116831,116758.87,116758.87,2.41796
2025-08-09T07:47:00.000Z,116831,116831,116758.8,116758.8,2.19754
2025-08-09T07:48:00.000Z,116831,116831,116758.78,116758.79,3.46109
2025-08-09T07:49:00.000Z,116822,116822,116758.78,116758.78,1.47106
2025-08-09T07:50:00.000Z,116822,116822,116752.05,116752.05,2.60844
2025-08-09T07:51:00.000Z,116821,116821,116752.05,116752.06,1.51121
2025-08-09T07:52:00.000Z,116818,116828,116752.05,116762.76,3.57947
2025-08-09T07:53:00.000Z,116829,116831,116762.75,116762.75,0.95985
2025-08-09T07:54:00.000Z,116831,116831,116756,116756,3.54417
2025-08-09T07:55:00.000Z,116813,116813,116756,116756,1.75535
2025-08-09T07:56:00.000Z,116813,116813,116756,116756.01,6.29837
2025-08-09T07:57:00.000Z,116813,116816,116756,116756.01,2.7253
2025-08-09T07:58:00.000Z,116809,116809,116756,116756,1.28319
2025-08-09T07:59:00.000Z,116809,116809,116756,116756.01,1.1182
2025-08-09T08:00:00.000Z,116809,116824,116756,116756.01,1.50267
2025-08-09T08:01:00.000Z,116815,116815,116756,116756.01,3.67971
2025-08-09T08:02:00.000Z,116815,116815,116756,116756,6.9166
2025-08-09T08:03:00.000Z,116815,116815,116756,116756.01,0.64391
2025-08-09T08:04:00.000Z,116811,116811,116756,116756.01,2.60233
2025-08-09T08:05:00.000Z,116809,116815,116756,116757.16,3.19963
2025-08-09T08:06:00.000Z,116815,116855,116757.15,116797.9,5.04741
2025-08-09T08:07:00.000Z,116855,116855,116797.9,116797.9,1.58089
2025-08-09T08:08:00.000Z,116855,116866,116797.9,116797.9,4.47429
2025-08-09T08:09:00.000Z,116865,116866,116797.9,116797.91,4.79812
2025-08-09T08:10:00.000Z,116866,116866,116787.39,116787.4,4.42608
2025-08-09T08:11:00.000Z,116842,116842,116763,116763,3.41746
2025-08-09T08:12:00.000Z,116832,116832,116757.04,116757.05,4.21433
2025-08-09T08:13:00.000Z,116812,116812,116757.04,116757.04,0.65443
2025-08-09T08:14:00.000Z,116812,116813,116757.04,116769.24,2.16178
2025-08-09T08:15:00.000Z,116813,116813,116757.04,116757.04,1.28116
2025-08-09T08:16:00.000Z,116813,116813,116757.04,116757.05,1.65052
2025-08-09T08:17:00.000Z,116813,116813,116757.04,116797.9,4.40269
2025-08-09T08:18:00.000Z,116812,116812,116797.89,116797.9,1.41847
2025-08-09T08:19:00.000Z,116813,116814,116797.89,116797.89,3.68513
2025-08-09T08:20:00.000Z,116814,116827,116797.89,116797.9,0.66436
2025-08-09T08:21:00.000Z,116827,116830,116782.04,116782.04,3.27491
2025-08-09T08:22:00.000Z,116830,116830,116782.04,116782.04,1.26259
2025-08-09T08:23:00.000Z,116830,116831,116782.04,116796.2,3.30478
2025-08-09T08:24:00.000Z,116831,116831,116796.19,116802.71,2.07935
2025-08-09T08:25:00.000Z,116831,116836,116802.7,116814.39,11.34638
2025-08-09T08:26:00.000Z,116836,116854,116814.38,116827.71,10.4098
2025-08-09T08:27:00.000Z,116854,116869,116827.7,116852.39,2.79761
2025-08-09T08:28:00.000Z,116869,116886,116852.38,116852.39,1.0796
2025-08-09T08:29:00.000Z,116886,116898,116852.38,116868.5,1.43277
2025-08-09T08:30:00.000Z,116899,116899,116868.51,116873.96,3.34393
2025-08-09T08:31:00.000Z,116899,116908,116869.99,116869.99,8.53816
2025-08-09T08:32:00.000Z,116908,116912,116836.37,116836.38,7.07151
2025-08-09T08:33:00.000Z,116887,116887,116836.37,116836.37,2.52637
2025-08-09T08:34:00.000Z,116885,116885,116836,116836.01,1.01715
2025-08-09T08:35:00.000Z,116873,116878,116836,116844.92,2.09453
2025-08-09T08:36:00.000Z,116887,116911,116844.91,116865.66,3.26429
2025-08-09T08:37:00.000Z,116911,116941,116865.65,116894.95,5.29231
2025-08-09T08:38:00.000Z,116941,116973,116894.95,116935.99,12.16792
2025-08-09T08:39:00.000Z,116973,116987,116935.98,116954.57,4.72865
2025-08-09T08:40:00.000Z,116987,117005,116949.1,116954.57,4.7552
2025-08-09T08:41:00.000Z,117005,117007,116954.56,116954.57,5.38941
2025-08-09T08:42:00.000Z,117005,117019,116954.56,116964.99,3.68568
2025-08-09T08:43:00.000Z,117019,117056,116964.98,117015.38,34.78941
2025-08-09T08:44:00.000Z,117056,117191,117015.38,117155.65,38.60909
2025-08-09T08:45:00.000Z,117191,117203,117040,117040,28.37438
2025-08-09T08:46:00.000Z,117112,117117,117038,117062.02,5.22832
2025-08-09T08:47:00.000Z,117111,117121,117062.01,117062.02,2.94782
2025-08-09T08:48:00.000Z,117121,117152,117062.02,117083.21,2.70058
2025-08-09T08:49:00.000Z,117135,117135,116982.12,116982.12,8.62967
2025-08-09T08:50:00.000Z,117034,117038,116793.34,116803.99,21.42272
2025-08-09T08:51:00.000Z,116846,116976,116804,116914.14,9.41286
2025-08-09T08:52:00.000Z,116965,117017,116914.13,116947.31,7.83697
2025-08-09T08:53:00.000Z,117001,117017,116934.32,116964.55,8.13001
2025-08-09T08:54:00.000Z,117014,117014,116940.79,116940.8,2.42865
2025-08-09T08:55:00.000Z,116983,117086,116940.79,117033.42,5.67894
2025-08-09T08:56:00.000Z,117086,117100,117033.41,117060,23.35988
2025-08-09T08:57:00.000Z,117100,117128,117060,117068.25,4.96234
2025-08-09T08:58:00.000Z,117122,117158,117068.24,117098.58,3.09498
2025-08-09T08:59:00.000Z,117156,117156,117098.57,117106.65,2.29952
2025-08-09T09:00:00.000Z,117156,117175,117106.65,117131.15,6.41513
2025-08-09T09:01:00.000Z,117175,117182,117110.31,117147.32,3.01018
2025-08-09T09:02:00.000Z,117182,117200,117131.15,117132.3,12.40191
2025-08-09T09:03:00.000Z,117179,117180,117068.25,117078.2,6.94712
2025-08-09T09:04:00.000Z,117122,117122,117058.52,117058.53,11.65566
2025-08-09T09:05:00.000Z,117092,117105,117045.54,117060.01,5.92804
2025-08-09T09:06:00.000Z,117101,117155,117060.01,117135.92,3.76355
2025-08-09T09:07:00.000Z,117156,117195,117135.93,117162.48,3.64449
2025-08-09T09:08:00.000Z,117195,117245,117162.48,117195.35,11.70274
2025-08-09T09:09:00.000Z,117237,117300,117195.35,117258.99,19.80789
2025-08-09T09:10:00.000Z,117300,117301,117231.32,117257.82,14.10783
2025-08-09T09:11:00.000Z,117299,117313,117257.83,117273.05,6.64347
2025-08-09T09:12:00.000Z,117313,117349,117273.04,117299.94,12.75322
2025-08-09T09:13:00.000Z,117336,117434,117299.94,117382.98,32.69037
2025-08-09T09:14:00.000Z,117431,117452,117349.33,117417.34,22.12915
2025-08-09T09:15:00.000Z,117447,117447,117311.51,117389.49,24.66226
2025-08-09T09:16:00.000Z,117421,117433,117309.28,117359.47,30.28946
2025-08-09T09:17:00.000Z,117371,117477,117359.47,117436.91,13.22917
2025-08-09T09:18:00.000Z,117477,117477,117346.37,117346.38,16.21972
2025-08-09T09:19:00.000Z,117394,117394,117299.95,117311.27,7.34709
2025-08-09T09:20:00.000Z,117369,117369,117276.66,117299.98,6.75724
2025-08-09T09:21:00.000Z,117350,117350,117276,117296.44,4.42237
2025-08-09T09:22:00.000Z,117338,117340,117240.6,117301.12,6.2492
2025-08-09T09:23:00.000Z,117340,117353,117288.46,117317.96,6.20054
2025-08-09T09:24:00.000Z,117353,117363,117317.96,117317.97,7.975
2025-08-09T09:25:00.000Z,117361,117361,117317.96,117317.97,4.37481
2025-08-09T09:26:00.000Z,117361,117361,117270.51,117270.52,5.45356
2025-08-09T09:27:00.000Z,117309,117309,117224.9,117224.91,5.69583
2025-08-09T09:28:00.000Z,117262,117300,117224.9,117259.98,8.96086
2025-08-09T09:29:00.000Z,117300,117333,117259.97,117286.34,3.40706
2025-08-09T09:30:00.000Z,117333,117333,117249.83,117286.31,5.7981
2025-08-09T09:31:00.000Z,117316,117402,117286.31,117357.55,6.92956
2025-08-09T09:32:00.000Z,117402,117402,117343.56,117355.32,4.01075
2025-08-09T09:33:00.000Z,117397,117416,117355.32,117370.4,9.98538
2025-08-09T09:34:00.000Z,117412,117412,117355.07,117355.07,5.74548
2025-08-09T09:35:00.000Z,117391,117391,117324.84,117324.85,4.57051
2025-08-09T09:36:00.000Z,117376,117384,117324.09,117344.88,7.78549
2025-08-09T09:37:00.000Z,117384,117384,117302.02,117312,9.04875
2025-08-09T09:38:00.000Z,117359,117373,117311.99,117321.99,3.10999
2025-08-09T09:39:00.000Z,117373,117375,117321.99,117321.99,2.13436
2025-08-09T09:40:00.000Z,117375,117407,117321.99,117346.34,7.28074
2025-08-09T09:41:00.000Z,117392,117392,117336.29,117336.29,2.99261
2025-08-09T09:42:00.000Z,117377,117377,117275.99,117299.99,5.1194
2025-08-09T09:43:00.000Z,117344,117344,117266.89,117266.89,2.70596
2025-08-09T09:44:00.000Z,117306,117323,117266.87,117266.87,3.19024
2025-08-09T09:45:00.000Z,117323,117323,117234.99,117234.99,6.27902
2025-08-09T09:46:00.000Z,117271,117332,117234.99,117299.96,5.93116
2025-08-09T09:47:00.000Z,117332,117364,117276.1,117314.48,36.94189
2025-08-09T09:48:00.000Z,117364,117373,117309.28,117309.28,9.2131
2025-08-09T09:49:00.000Z,117358,117358,117266.45,117287.99,11.06909
2025-08-09T09:50:00.000Z,117336,117370,117287.99,117333.67,7.49169
2025-08-09T09:51:00.000Z,117366,117366,117298.27,117309.95,6.04893
2025-08-09T09:52:00.000Z,117358,117358,117274.64,117299.99,57.03499
2025-08-09T09:53:00.000Z,117336,117380,117292.88,117333.08,42.24583
2025-08-09T09:54:00.000Z,117380,117455,117333.07,117419.99,22.89059
2025-08-09T09:55:00.000Z,117455,117484,117419.99,117436.01,26.91053
2025-08-09T09:56:00.000Z,117484,117490,117436,117458.58,11.65783
2025-08-09T09:57:00.000Z,117490,117490,117442,117449.67,15.55612
2025-08-09T09:58:00.000Z,117490,117518,117442,117483.01,59.2731
2025-08-09T09:59:00.000Z,117518,117551,117483.01,117510.87,51.12627
2025-08-09T10:00:00.000Z,117551,117626,117510.88,117556.42,30.67429
2025-08-09T10:01:00.000Z,117599,117611,117480,117489.12,19.76395
2025-08-09T10:02:00.000Z,117527,117564,117475.14,117517.95,17.57325
2025-08-09T10:03:00.000Z,117556,117593,117517.94,117557.33,4.12459
2025-08-09T10:04:00.000Z,117593,117610,117539.67,117574.85,7.87898
2025-08-09T10:05:00.000Z,117610,117621,117574.84,117588.68,9.14061
2025-08-09T10:06:00.000Z,117618,117618,117576.91,117576.92,6.14754
2025-08-09T10:07:00.000Z,117606,117606,117576.91,117576.91,3.5957
2025-08-09T10:08:00.000Z,117605,117626,117576.91,117600.03,16.80933
2025-08-09T10:09:00.000Z,117626,117634,117600.03,117601.92,3.83902
2025-08-09T10:10:00.000Z,117634,117687,117601.92,117656.58,23.47654
2025-08-09T10:11:00.000Z,117687,117700,117656.57,117666.01,17.49409
2025-08-09T10:12:00.000Z,117696,117713,117635,117651.47,7.68163
2025-08-09T10:13:00.000Z,117711,117711,117651.46,117651.48,39.0049
2025-08-09T10:14:00.000Z,117698,117833,117651.47,117762.76,21.21045
2025-08-09T10:15:00.000Z,117798,117870,117682.28,117786.25,44.57046
2025-08-09T10:16:00.000Z,117830,117900,117786.24,117870.71,41.73502
2025-08-09T10:17:00.000Z,117900,117900,117842,117844.52,19.21966
2025-08-09T10:18:00.000Z,117877,117877,117800,117800,10.13911
2025-08-09T10:19:00.000Z,117825,117830,117740.85,117792.74,25.62692
2025-08-09T10:20:00.000Z,117830,117860,117792.73,117818.77,4.21264
2025-08-09T10:21:00.000Z,117858,117900,117818.77,117871.69,10.16992
2025-08-09T10:22:00.000Z,117900,117900,117860,117872.15,6.73262
2025-08-09T10:23:00.000Z,117900,117986,117869.88,117869.89,44.93062
2025-08-09T10:24:00.000Z,117934,117934,117713.72,117791.13,21.00407
2025-08-09T10:25:00.000Z,117861,117939,117768.97,117768.97,17.47665
2025-08-09T10:26:00.000Z,117848,117848,117700,117728.75,6.07507
2025-08-09T10:27:00.000Z,117781,117830,117728.75,117770.38,5.87273
2025-08-09T10:28:00.000Z,117830,117875,117750,117788.23,14.5825
2025-08-09T10:29:00.000Z,117844,117844,117769,117776.43,9.78317
2025-08-09T10:30:00.000Z,117835,117835,117730,117730,8.06763
2025-08-09T10:31:00.000Z,117788,117788,117700,117712.13,13.17866
2025-08-09T10:32:00.000Z,117762,117762,117681.99,117681.99,26.53241
2025-08-09T10:33:00.000Z,117742,117805,117681.99,117740,22.68395
2025-08-09T10:34:00.000Z,117800,117800,117717.6,117728.2,4.67294
2025-08-09T10:35:00.000Z,117778,117789,117689.98,117689.98,7.60155
2025-08-09T10:36:00.000Z,117755,117755,117604.21,117629.79,9.13415
2025-08-09T10:37:00.000Z,117691,117722,117628.39,117628.39,4.86048
2025-08-09T10:38:00.000Z,117683,117683,117600.1,117600.1,11.62599
2025-08-09T10:39:00.000Z,117654,117654,117520,117597.99,31.12927
2025-08-09T10:40:00.000Z,117646,117646,117587.92,117598,3.04343
2025-08-09T10:41:00.000Z,117646,117647,117442.17,117497.2,69.43161
2025-08-09T10:42:00.000Z,117542,117585,117497.2,117535.27,10.01652
2025-08-09T10:43:00.000Z,117585,117602,117522.58,117533.02,8.65573
2025-08-09T10:44:00.000Z,117579,117589,117520,117520.01,1.84606
2025-08-09T10:45:00.000Z,117576,117665,117520,117604.49,8.67109
2025-08-09T10:46:00.000Z,117665,117716,117592.72,117628,5.49284
2025-08-09T10:47:00.000Z,117686,117686,117593.74,117593.75,5.69158
2025-08-09T10:48:00.000Z,117661,117661,117575,117575.01,4.5892
2025-08-09T10:49:00.000Z,117631,117633,117500,117517.03,13.54701
2025-08-09T10:50:00.000Z,117575,117592,117505.03,117505.03,5.87403
2025-08-09T10:51:00.000Z,117553,117553,117452.37,117452.38,27.55793
2025-08-09T10:52:00.000Z,117499,117537,117452.37,117481.89,12.49181
2025-08-09T10:53:00.000Z,117537,117537,117442.17,117442.17,3.12847
2025-08-09T10:54:00.000Z,117501,117530,117439.99,117455.78,13.35353
2025-08-09T10:55:00.000Z,117512,117512,117382.27,117414.27,9.70234
2025-08-09T10:56:00.000Z,117468,117489,117402.39,117411.99,6.26252
2025-08-09T10:57:00.000Z,117470,117485,117402.18,117402.18,3.41222
2025-08-09T10:58:00.000Z,117460,117492,117402.18,117414,1.55938
2025-08-09T10:59:00.000Z,117487,117487,117413.99,117424.16,3.28423
2025-08-09T11:00:00.000Z,117487,117508,117424.16,117459.98,3.95285
2025-08-09T11:01:00.000Z,117510,117522,117381.96,117381.96,3.66223
2025-08-09T11:02:00.000Z,117445,117461,117381.97,117404,17.67043
2025-08-09T11:03:00.000Z,117461,117467,117388.1,117388.1,0.9322
2025-08-09T11:04:00.000Z,117443,117456,117380.68,117380.69,3.04785
2025-08-09T11:05:00.000Z,117432,117473,117360,117418.98,5.95616
2025-08-09T11:06:00.000Z,117473,117473,117400.62,117400.62,2.1866
2025-08-09T11:07:00.000Z,117444,117444,117385.1,117386.97,1.64568
2025-08-09T11:08:00.000Z,117436,117458,117386.96,117399.99,1.83773
2025-08-09T11:09:00.000Z,117449,117449,117399.99,117400,1.90157
2025-08-09T11:10:00.000Z,117444,117444,117316.34,117316.35,17.18567
2025-08-09T11:11:00.000Z,117367,117407,117308,117311.81,8.35338
2025-08-09T11:12:00.000Z,117365,117392,117276.76,117276.77,21.22958
2025-08-09T11:13:00.000Z,117323,117332,117276.76,117289.16,4.81835
2025-08-09T11:14:00.000Z,117330,117330,117233.11,117233.11,4.22445
2025-08-09T11:15:00.000Z,117274,117310,117230,117259.99,4.21521
2025-08-09T11:16:00.000Z,117311,117339,117253.3,117253.31,4.71653
2025-08-09T11:17:00.000Z,117292,117321,117249.69,117271.85,3.08658
2025-08-09T11:18:00.000Z,117325,117331,117271.84,117285.68,1.32446
2025-08-09T11:19:00.000Z,117330,117332,117276.27,117276.28,2.20773
2025-08-09T11:20:00.000Z,117319,117319,117276.27,117276.27,0.76145
2025-08-09T11:21:00.000Z,117319,117336,117240.69,117240.69,6.13303
2025-08-09T11:22:00.000Z,117279,117302,117228.96,117240.05,2.84994
2025-08-09T11:23:00.000Z,117281,117281,117228.96,117228.96,3.31692
2025-08-09T11:24:00.000Z,117266,117291,117228.96,117242,2.9839
2025-08-09T11:25:00.000Z,117291,117304,117242,117260.08,4.12949
2025-08-09T11:26:00.000Z,117301,117301,117260.08,117260.09,1.57375
2025-08-09T11:27:00.000Z,117289,117294,117260.08,117260.08,1.10798
2025-08-09T11:28:00.000Z,117294,117294,117260.08,117260.08,1.03522
2025-08-09T11:29:00.000Z,117294,117308,117260.08,117268.13,0.83878
2025-08-09T11:30:00.000Z,117309,117316,117261.75,117280,3.98566
2025-08-09T11:31:00.000Z,117316,117316,117279.99,117280,1.25559
2025-08-09T11:32:00.000Z,117312,117312,117237.34,117237.34,5.11203
2025-08-09T11:33:00.000Z,117272,117273,117237.34,117246.44,2.48438
2025-08-09T11:34:00.000Z,117274,117284,117229.5,117229.5,5.50802
2025-08-09T11:35:00.000Z,117273,117273,117196.33,117196.33,6.54778
2025-08-09T11:36:00.000Z,117226,117242,117162.48,117212,6.42682
2025-08-09T11:37:00.000Z,117243,117267,117194.49,117210.01,5.33402
2025-08-09T11:38:00.000Z,117237,117237,117137.19,117157.58,13.0235
2025-08-09T11:39:00.000Z,117198,117220,117096.33,117103,15.78208
2025-08-09T11:40:00.000Z,117141,117163,117086,117112.01,8.31506
2025-08-09T11:41:00.000Z,117152,117235,117112,117175.14,5.95385
2025-08-09T11:42:00.000Z,117232,117260,117175.13,117210.97,1.5976
2025-08-09T11:43:00.000Z,117260,117303,117210.96,117234,1.74387
2025-08-09T11:44:00.000Z,117282,117294,117233.99,117235,6.48605
2025-08-09T11:45:00.000Z,117294,117294,117180,117180.01,2.09252
2025-08-09T11:46:00.000Z,117219,117219,117125.58,117125.59,2.47366
2025-08-09T11:47:00.000Z,117157,117209,117125.58,117155.28,5.58386
2025-08-09T11:48:00.000Z,117185,117185,117107.62,117107.62,5.08828
2025-08-09T11:49:00.000Z,117141,117158,117104.06,117116.1,3.50548
2025-08-09T11:50:00.000Z,117158,117196,117116.09,117124.73,11.04123
2025-08-09T11:51:00.000Z,117167,117188,117119.32,117119.33,3.79973
2025-08-09T11:52:00.000Z,117152,117167,117119.32,117119.33,4.49438
2025-08-09T11:53:00.000Z,117159,117207,117119.32,117162.67,7.87035
2025-08-09T11:54:00.000Z,117201,117250,117162.66,117216.01,14.07013
2025-08-09T11:55:00.000Z,117248,117248,117191.54,117191.55,3.18013
2025-08-09T11:56:00.000Z,117228,117266,117182.32,117203.99,18.66208
2025-08-09T11:57:00.000Z,117240,117240,117094.08,117105.59,16.37597
2025-08-09T11:58:00.000Z,117149,117149,117082.43,117089.33,5.72235
2025-08-09T11:59:00.000Z,117126,117144,117089.33,117110,5.21126
2025-08-09T12:00:00.000Z,117144,117176,117109.99,117118.42,10.59309
2025-08-09T12:01:00.000Z,117148,117149,117087.11,117100,3.52302
2025-08-09T12:02:00.000Z,117149,117149,117077.2,117079.08,9.81315
2025-08-09T12:03:00.000Z,117125,117125,117070.11,117079.18,9.46174
2025-08-09T12:04:00.000Z,117123,117123,117079.17,117079.17,3.11529
2025-08-09T12:05:00.000Z,117104,117146,117079.17,117087.71,3.28742
2025-08-09T12:06:00.000Z,117123,117123,117057.55,117057.56,2.42491
2025-08-09T12:07:00.000Z,117101,117151,117057.55,117099.7,5.16802
2025-08-09T12:08:00.000Z,117143,117145,117099.69,117099.69,0.70076
2025-08-09T12:09:00.000Z,117145,117150,117094.01,117120.97,9.90768
2025-08-09T12:10:00.000Z,117136,117261,117121.66,117195.09,13.53452
2025-08-09T12:11:00.000Z,117250,117289,117195.08,117208.22,6.19009
2025-08-09T12:12:00.000Z,117244,117244,117185.4,117185.4,3.30884
2025-08-09T12:13:00.000Z,117224,117301,117185.4,117220,7.86463
2025-08-09T12:14:00.000Z,117273,117273,117212.12,117212.12,4.02846
2025-08-09T12:15:00.000Z,117258,117265,117190.41,117190.42,12.15584
2025-08-09T12:16:00.000Z,117241,117241,117186.6,117186.61,1.7418
2025-08-09T12:17:00.000Z,117223,117230,117186.6,117186.61,0.37572
2025-08-09T12:18:00.000Z,117227,117227,117174.76,117174.76,6.1296
2025-08-09T12:19:00.000Z,117211,117228,117174.76,117178,6.43251
2025-08-09T12:20:00.000Z,117228,117241,117178,117187.54,7.24476
2025-08-09T12:21:00.000Z,117235,117235,117168.48,117168.49,4.70486
2025-08-09T12:22:00.000Z,117209,117211,117168.48,117168.49,2.05567